-- phpMyAdmin SQL Dump
-- version 5.2.1
-- https://www.phpmyadmin.net/
--
-- Host: extensao_db
-- Tempo de geração: 05/12/2024 às 01:32
-- Versão do servidor: 10.4.34-MariaDB-1:10.4.34+maria~ubu2004
-- Versão do PHP: 8.2.8

SET SQL_MODE = "NO_AUTO_VALUE_ON_ZERO";
START TRANSACTION;
SET time_zone = "+00:00";


/*!40101 SET @OLD_CHARACTER_SET_CLIENT=@@CHARACTER_SET_CLIENT */;
/*!40101 SET @OLD_CHARACTER_SET_RESULTS=@@CHARACTER_SET_RESULTS */;
/*!40101 SET @OLD_COLLATION_CONNECTION=@@COLLATION_CONNECTION */;
/*!40101 SET NAMES utf8mb4 */;

--
-- Banco de dados: `extensao_database`
--

-- --------------------------------------------------------

--
-- Estrutura para tabela `discards`
--

CREATE TABLE `discards` (
  `id` bigint(255) UNSIGNED NOT NULL,
  `created_at` datetime(3) DEFAULT NULL,
  `updated_at` datetime(3) DEFAULT NULL,
  `deleted_at` datetime(3) DEFAULT NULL,
  `user_id` bigint(20) UNSIGNED DEFAULT NULL,
  `city` longtext DEFAULT NULL,
  `location` longtext DEFAULT NULL,
  `date` datetime(3) DEFAULT NULL
) ENGINE=InnoDB DEFAULT CHARSET=latin1 COLLATE=latin1_swedish_ci;

--
-- Despejando dados para a tabela `discards`
--

INSERT INTO `discards` (`id`, `created_at`, `updated_at`, `deleted_at`, `user_id`, `city`, `location`, `date`) VALUES
(1, '2024-11-25 10:19:37.613', '2024-11-25 10:19:37.613', NULL, 1, 'São Paulo', 'Av. Paulista, 1000', '2024-11-25 10:00:00.000'),
(2, '2024-11-25 10:19:38.606', '2024-11-25 10:19:38.606', NULL, 1, 'São Paulo', 'Av. Paulista, 1000', '2024-11-25 10:00:00.000'),
(3, '2024-11-25 10:19:39.177', '2024-11-25 10:19:39.177', NULL, 1, 'São Paulo', 'Av. Paulista, 1000', '2024-11-25 10:00:00.000'),
(4, '2024-11-25 10:19:39.713', '2024-11-25 10:19:39.713', NULL, 1, 'São Paulo', 'Av. Paulista, 1000', '2024-11-25 10:00:00.000'),
(5, '2024-11-25 10:19:40.312', '2024-11-25 10:19:40.312', NULL, 1, 'São Paulo', 'Av. Paulista, 1000', '2024-11-25 10:00:00.000'),
(6, '2024-11-25 10:19:41.114', '2024-11-25 10:19:41.114', NULL, 1, 'São Paulo', 'Av. Paulista, 1000', '2024-11-25 10:00:00.000'),
(7, '2024-11-25 10:19:41.823', '2024-11-25 10:19:41.823', NULL, 1, 'São Paulo', 'Av. Paulista, 1000', '2024-11-25 10:00:00.000'),
(8, '2024-11-25 10:19:42.517', '2024-11-25 10:19:42.517', NULL, 1, 'São Paulo', 'Av. Paulista, 1000', '2024-11-25 10:00:00.000'),
(9, '2024-11-25 10:19:43.141', '2024-11-25 10:19:43.141', NULL, 1, 'São Paulo', 'Av. Paulista, 1000', '2024-11-25 10:00:00.000'),
(10, '2024-11-25 10:19:43.610', '2024-11-25 10:19:43.610', NULL, 1, 'São Paulo', 'Av. Paulista, 1000', '2024-11-25 10:00:00.000'),
(11, '2024-11-25 10:52:05.707', '2024-11-25 10:52:05.707', NULL, 1, 'São Paulo', 'Av. Paulista, 1000', '2024-11-25 10:00:00.000'),
(12, '2024-11-25 10:52:06.445', '2024-11-25 10:52:06.445', NULL, 1, 'São Paulo', 'Av. Paulista, 1000', '2024-11-25 10:00:00.000'),
(13, '2024-11-25 10:52:06.978', '2024-11-25 10:52:06.978', NULL, 1, 'São Paulo', 'Av. Paulista, 1000', '2024-11-25 10:00:00.000'),
(14, '2024-11-25 10:52:07.513', '2024-11-25 10:52:07.513', NULL, 1, 'São Paulo', 'Av. Paulista, 1000', '2024-11-25 10:00:00.000'),
(15, '2024-11-25 10:52:07.969', '2024-11-25 10:52:07.969', NULL, 1, 'São Paulo', 'Av. Paulista, 1000', '2024-11-25 10:00:00.000'),
(16, '2024-11-25 10:52:08.386', '2024-11-25 10:52:08.386', NULL, 1, 'São Paulo', 'Av. Paulista, 1000', '2024-11-25 10:00:00.000'),
(17, '2024-11-25 10:52:08.801', '2024-11-25 10:52:08.801', NULL, 1, 'São Paulo', 'Av. Paulista, 1000', '2024-11-25 10:00:00.000'),
(18, '2024-11-25 10:52:09.235', '2024-11-25 10:52:09.235', NULL, 1, 'São Paulo', 'Av. Paulista, 1000', '2024-11-25 10:00:00.000'),
(19, '2024-11-25 10:52:09.625', '2024-11-25 10:52:09.625', NULL, 1, 'São Paulo', 'Av. Paulista, 1000', '2024-11-25 10:00:00.000'),
(20, '2024-11-25 10:52:09.999', '2024-11-25 10:52:09.999', NULL, 1, 'São Paulo', 'Av. Paulista, 1000', '2024-11-25 10:00:00.000'),
(21, '2024-11-25 10:52:28.599', '2024-11-25 10:52:28.599', NULL, 3, 'São Paulo', 'Av. Paulista, 1000', '2024-11-25 10:00:00.000'),
(22, '2024-11-25 10:52:29.137', '2024-11-25 10:52:29.137', NULL, 3, 'São Paulo', 'Av. Paulista, 1000', '2024-11-25 10:00:00.000'),
(23, '2024-11-25 10:52:29.642', '2024-11-25 10:52:29.642', NULL, 3, 'São Paulo', 'Av. Paulista, 1000', '2024-11-25 10:00:00.000'),
(24, '2024-11-25 10:52:30.133', '2024-11-25 10:52:30.133', NULL, 3, 'São Paulo', 'Av. Paulista, 1000', '2024-11-25 10:00:00.000'),
(25, '2024-11-25 10:52:30.514', '2024-11-25 10:52:30.514', NULL, 3, 'São Paulo', 'Av. Paulista, 1000', '2024-11-25 10:00:00.000'),
(26, '2024-11-25 10:52:30.901', '2024-11-25 10:52:30.901', NULL, 3, 'São Paulo', 'Av. Paulista, 1000', '2024-11-25 10:00:00.000'),
(27, '2024-11-25 10:52:31.261', '2024-11-25 10:52:31.261', NULL, 3, 'São Paulo', 'Av. Paulista, 1000', '2024-11-25 10:00:00.000'),
(28, '2024-11-25 10:52:31.646', '2024-11-25 10:52:31.646', NULL, 3, 'São Paulo', 'Av. Paulista, 1000', '2024-11-25 10:00:00.000'),
(29, '2024-11-25 10:52:32.020', '2024-11-25 10:52:32.020', NULL, 3, 'São Paulo', 'Av. Paulista, 1000', '2024-11-25 10:00:00.000'),
(30, '2024-11-25 10:52:32.394', '2024-11-25 10:52:32.394', NULL, 3, 'São Paulo', 'Av. Paulista, 1000', '2024-11-25 10:00:00.000'),
(31, '2024-11-25 10:56:04.814', '2024-11-25 10:56:04.814', NULL, 3, 'São Paulo', 'Av. Paulista, 1000', '2024-11-25 10:00:00.000'),
(32, '2024-11-25 10:56:05.285', '2024-11-25 10:56:05.285', NULL, 3, 'São Paulo', 'Av. Paulista, 1000', '2024-11-25 10:00:00.000'),
(33, '2024-11-25 10:56:05.772', '2024-11-25 10:56:05.772', NULL, 3, 'São Paulo', 'Av. Paulista, 1000', '2024-11-25 10:00:00.000'),
(34, '2024-11-25 10:56:06.217', '2024-11-25 10:56:06.217', NULL, 3, 'São Paulo', 'Av. Paulista, 1000', '2024-11-25 10:00:00.000'),
(35, '2024-11-25 10:56:06.888', '2024-11-25 10:56:06.888', NULL, 3, 'São Paulo', 'Av. Paulista, 1000', '2024-11-25 10:00:00.000'),
(36, '2024-11-25 10:56:07.316', '2024-11-25 10:56:07.316', NULL, 3, 'São Paulo', 'Av. Paulista, 1000', '2024-11-25 10:00:00.000'),
(37, '2024-11-25 10:56:07.787', '2024-11-25 10:56:07.787', NULL, 3, 'São Paulo', 'Av. Paulista, 1000', '2024-11-25 10:00:00.000'),
(38, '2024-11-25 10:56:08.279', '2024-11-25 10:56:08.279', NULL, 3, 'São Paulo', 'Av. Paulista, 1000', '2024-11-25 10:00:00.000'),
(39, '2024-11-25 10:56:08.754', '2024-11-25 10:56:08.754', NULL, 3, 'São Paulo', 'Av. Paulista, 1000', '2024-11-25 10:00:00.000'),
(40, '2024-11-25 10:56:09.184', '2024-11-25 10:56:09.184', NULL, 3, 'São Paulo', 'Av. Paulista, 1000', '2024-11-25 10:00:00.000'),
(41, '2024-11-25 10:56:09.691', '2024-11-25 10:56:09.691', NULL, 3, 'São Paulo', 'Av. Paulista, 1000', '2024-11-25 10:00:00.000'),
(42, '2024-11-25 10:56:17.892', '2024-11-25 10:56:17.892', NULL, 3, 'São Paulo', 'Av. Paulista, 1000', '2024-11-25 10:00:00.000'),
(43, '2024-11-25 10:56:20.642', '2024-11-25 10:56:20.642', NULL, 3, 'São Paulo', 'Av. Paulista, 1000', '2024-11-25 10:00:00.000'),
(44, '2024-11-25 10:56:21.146', '2024-11-25 10:56:21.146', NULL, 3, 'São Paulo', 'Av. Paulista, 1000', '2024-11-25 10:00:00.000'),
(45, '2024-11-25 10:56:21.509', '2024-11-25 10:56:21.509', NULL, 3, 'São Paulo', 'Av. Paulista, 1000', '2024-11-25 10:00:00.000'),
(46, '2024-11-25 10:56:21.884', '2024-11-25 10:56:21.884', NULL, 3, 'São Paulo', 'Av. Paulista, 1000', '2024-11-25 10:00:00.000'),
(47, '2024-11-25 10:56:22.289', '2024-11-25 10:56:22.289', NULL, 3, 'São Paulo', 'Av. Paulista, 1000', '2024-11-25 10:00:00.000'),
(48, '2024-11-25 10:56:22.680', '2024-11-25 10:56:22.680', NULL, 3, 'São Paulo', 'Av. Paulista, 1000', '2024-11-25 10:00:00.000'),
(49, '2024-11-25 10:56:23.056', '2024-11-25 10:56:23.056', NULL, 3, 'São Paulo', 'Av. Paulista, 1000', '2024-11-25 10:00:00.000'),
(50, '2024-11-25 10:56:23.443', '2024-11-25 10:56:23.443', NULL, 3, 'São Paulo', 'Av. Paulista, 1000', '2024-11-25 10:00:00.000'),
(51, '2024-11-25 10:56:23.809', '2024-11-25 10:56:23.809', NULL, 3, 'São Paulo', 'Av. Paulista, 1000', '2024-11-25 10:00:00.000'),
(52, '2024-11-25 10:56:27.662', '2024-11-25 10:56:27.662', NULL, 3, 'São Paulo', 'Av. Paulista, 1000', '2024-11-25 10:00:00.000'),
(53, '2024-11-25 10:56:28.045', '2024-11-25 10:56:28.045', NULL, 3, 'São Paulo', 'Av. Paulista, 1000', '2024-11-25 10:00:00.000'),
(54, '2024-11-25 10:56:28.433', '2024-11-25 10:56:28.433', NULL, 3, 'São Paulo', 'Av. Paulista, 1000', '2024-11-25 10:00:00.000'),
(55, '2024-11-25 10:56:28.766', '2024-11-25 10:56:28.766', NULL, 3, 'São Paulo', 'Av. Paulista, 1000', '2024-11-25 10:00:00.000'),
(56, '2024-11-25 10:56:29.103', '2024-11-25 10:56:29.103', NULL, 3, 'São Paulo', 'Av. Paulista, 1000', '2024-11-25 10:00:00.000'),
(57, '2024-11-25 10:56:29.424', '2024-11-25 10:56:29.424', NULL, 3, 'São Paulo', 'Av. Paulista, 1000', '2024-11-25 10:00:00.000'),
(58, '2024-11-25 10:56:29.751', '2024-11-25 10:56:29.751', NULL, 3, 'São Paulo', 'Av. Paulista, 1000', '2024-11-25 10:00:00.000'),
(59, '2024-11-25 10:56:30.202', '2024-11-25 10:56:30.202', NULL, 3, 'São Paulo', 'Av. Paulista, 1000', '2024-11-25 10:00:00.000'),
(60, '2024-11-25 10:56:30.603', '2024-11-25 10:56:30.603', NULL, 3, 'São Paulo', 'Av. Paulista, 1000', '2024-11-25 10:00:00.000'),
(61, '2024-11-25 10:56:31.069', '2024-11-25 10:56:31.069', NULL, 3, 'São Paulo', 'Av. Paulista, 1000', '2024-11-25 10:00:00.000'),
(62, '2024-11-25 10:56:31.502', '2024-11-25 10:56:31.502', NULL, 3, 'São Paulo', 'Av. Paulista, 1000', '2024-11-25 10:00:00.000'),
(63, '2024-11-25 10:56:31.933', '2024-11-25 10:56:31.933', NULL, 3, 'São Paulo', 'Av. Paulista, 1000', '2024-11-25 10:00:00.000'),
(64, '2024-11-25 10:56:32.361', '2024-11-25 10:56:32.361', NULL, 3, 'São Paulo', 'Av. Paulista, 1000', '2024-11-25 10:00:00.000'),
(65, '2024-11-25 10:56:33.434', '2024-11-25 10:56:33.434', NULL, 3, 'São Paulo', 'Av. Paulista, 1000', '2024-11-25 10:00:00.000'),
(66, '2024-11-25 10:56:33.938', '2024-11-25 10:56:33.938', NULL, 3, 'São Paulo', 'Av. Paulista, 1000', '2024-11-25 10:00:00.000'),
(67, '2024-11-25 10:56:34.389', '2024-11-25 10:56:34.389', NULL, 3, 'São Paulo', 'Av. Paulista, 1000', '2024-11-25 10:00:00.000'),
(68, '2024-11-25 10:56:34.776', '2024-11-25 10:56:34.776', NULL, 3, 'São Paulo', 'Av. Paulista, 1000', '2024-11-25 10:00:00.000'),
(69, '2024-11-25 10:56:35.210', '2024-11-25 10:56:35.210', NULL, 3, 'São Paulo', 'Av. Paulista, 1000', '2024-11-25 10:00:00.000'),
(70, '2024-11-25 10:56:35.655', '2024-11-25 10:56:35.655', NULL, 3, 'São Paulo', 'Av. Paulista, 1000', '2024-11-25 10:00:00.000'),
(71, '2024-11-25 10:56:36.055', '2024-11-25 10:56:36.055', NULL, 3, 'São Paulo', 'Av. Paulista, 1000', '2024-11-25 10:00:00.000'),
(72, '2024-11-25 13:05:58.133', '2024-11-25 13:05:58.133', NULL, 4, 'São Paulo', 'Av. Paulista, 1000', '2024-11-25 10:00:00.000'),
(73, '2024-11-25 13:05:59.764', '2024-11-25 13:05:59.764', NULL, 4, 'São Paulo', 'Av. Paulista, 1000', '2024-11-25 10:00:00.000'),
(74, '2024-11-25 13:06:00.465', '2024-11-25 13:06:00.465', NULL, 4, 'São Paulo', 'Av. Paulista, 1000', '2024-11-25 10:00:00.000'),
(75, '2024-11-25 13:06:01.175', '2024-11-25 13:06:01.175', NULL, 4, 'São Paulo', 'Av. Paulista, 1000', '2024-11-25 10:00:00.000'),
(76, '2024-11-25 13:06:01.794', '2024-11-25 13:06:01.794', NULL, 4, 'São Paulo', 'Av. Paulista, 1000', '2024-11-25 10:00:00.000'),
(77, '2024-11-25 13:06:02.289', '2024-11-25 13:06:02.289', NULL, 4, 'São Paulo', 'Av. Paulista, 1000', '2024-11-25 10:00:00.000'),
(78, '2024-11-25 13:06:02.982', '2024-11-25 13:06:02.982', NULL, 4, 'São Paulo', 'Av. Paulista, 1000', '2024-11-25 10:00:00.000'),
(79, '2024-11-25 13:06:03.661', '2024-11-25 13:06:03.661', NULL, 4, 'São Paulo', 'Av. Paulista, 1000', '2024-11-25 10:00:00.000'),
(80, '2024-11-25 13:06:04.406', '2024-11-25 13:06:04.406', NULL, 4, 'São Paulo', 'Av. Paulista, 1000', '2024-11-25 10:00:00.000'),
(81, '2024-11-25 13:06:33.398', '2024-11-25 13:06:33.398', NULL, 4, 'São Paulo', 'Av. Paulista, 1000', '2024-11-25 10:00:00.000'),
(82, '2024-11-25 13:06:48.013', '2024-11-25 13:06:48.013', NULL, 4, 'São Paulo', 'Av. Paulista, 1000', '2024-11-25 10:00:00.000'),
(83, '2024-11-25 13:07:31.455', '2024-11-25 13:07:31.455', NULL, 4, 'São Paulo', 'Av. Paulista, 1000', '2024-11-25 10:00:00.000'),
(84, '2024-11-29 12:24:22.284', '2024-11-29 12:24:22.284', NULL, 8, 'Belo Horizonte', 'ASDJOASDJO', '2002-12-13 15:12:00.000'),
(85, '2024-11-29 12:24:41.720', '2024-11-29 12:24:41.720', NULL, 8, 'Belo Horizonte', 'ASDJOASDJO', '2002-12-13 15:12:00.000'),
(86, '2024-11-29 12:26:28.325', '2024-11-29 12:26:28.325', NULL, 8, 'Belo Horizonte', 'ASDJOASDJO', '2002-12-13 15:12:00.000'),
(87, '2024-11-29 12:27:03.833', '2024-11-29 12:27:03.833', NULL, 7, 'São Paulo', 'Av. Paulista, 1000', '2024-11-25 10:00:00.000'),
(88, '2024-11-29 12:27:04.802', '2024-11-29 12:27:04.802', NULL, 7, 'São Paulo', 'Av. Paulista, 1000', '2024-11-25 10:00:00.000'),
(89, '2024-11-29 12:27:05.757', '2024-11-29 12:27:05.757', NULL, 7, 'São Paulo', 'Av. Paulista, 1000', '2024-11-25 10:00:00.000'),
(90, '2024-11-29 12:27:19.278', '2024-11-29 12:27:19.278', NULL, 8, 'Belo Horizonte', 'ASDJOASDJO', '2002-12-13 15:12:00.000'),
(91, '2024-11-29 12:27:32.771', '2024-11-29 12:27:32.771', NULL, 8, 'Belo Horizonte', 'ASDJOASDJO', '2002-12-13 15:12:00.000'),
(92, '2024-11-29 12:27:35.483', '2024-11-29 12:27:35.483', NULL, 8, 'Belo Horizonte', 'ASDJOASDJO', '2002-12-13 15:12:00.000'),
(93, '2024-11-29 12:27:36.732', '2024-11-29 12:27:36.732', NULL, 8, 'Belo Horizonte', 'ASDJOASDJO', '2002-12-13 15:12:00.000'),
(94, '2024-11-29 12:27:37.842', '2024-11-29 12:27:37.842', NULL, 8, 'Belo Horizonte', 'ASDJOASDJO', '2002-12-13 15:12:00.000'),
(95, '2024-11-29 12:27:38.912', '2024-11-29 12:27:38.912', NULL, 8, 'Belo Horizonte', 'ASDJOASDJO', '2002-12-13 15:12:00.000'),
(96, '2024-11-29 12:27:40.044', '2024-11-29 12:27:40.044', NULL, 8, 'Belo Horizonte', 'ASDJOASDJO', '2002-12-13 15:12:00.000'),
(97, '2024-11-29 12:27:41.180', '2024-11-29 12:27:41.180', NULL, 8, 'Belo Horizonte', 'ASDJOASDJO', '2002-12-13 15:12:00.000'),
(98, '2024-11-29 12:27:42.277', '2024-11-29 12:27:42.277', NULL, 8, 'Belo Horizonte', 'ASDJOASDJO', '2002-12-13 15:12:00.000'),
(99, '2024-11-29 12:27:43.597', '2024-11-29 12:27:43.597', NULL, 8, 'Belo Horizonte', 'ASDJOASDJO', '2002-12-13 15:12:00.000'),
(100, '2024-11-29 12:27:46.118', '2024-11-29 12:27:46.118', NULL, 8, 'Belo Horizonte', 'ASDJOASDJO', '2002-12-13 15:12:00.000'),
(101, '2024-11-29 12:29:57.365', '2024-11-29 12:29:57.365', NULL, 10, 'Belo Horizonte', 'ASDJOASDJO', '2002-12-13 13:31:00.000'),
(102, '2024-11-29 12:30:01.080', '2024-11-29 12:30:01.080', NULL, 10, 'Belo Horizonte', 'ASDJOASDJO', '2002-12-13 13:31:00.000'),
(103, '2024-11-29 12:30:03.024', '2024-11-29 12:30:03.024', NULL, 10, 'Belo Horizonte', 'ASDJOASDJO', '2002-12-13 13:31:00.000'),
(104, '2024-11-29 12:30:05.149', '2024-11-29 12:30:05.149', NULL, 10, 'Belo Horizonte', 'ASDJOASDJO', '2002-12-13 13:31:00.000'),
(105, '2024-11-29 12:30:07.050', '2024-11-29 12:30:07.050', NULL, 10, 'Belo Horizonte', 'ASDJOASDJO', '2002-12-13 13:31:00.000'),
(106, '2024-11-29 12:30:09.149', '2024-11-29 12:30:09.149', NULL, 10, 'Belo Horizonte', 'ASDJOASDJO', '2002-12-13 13:31:00.000'),
(107, '2024-11-29 12:30:24.115', '2024-11-29 12:30:24.115', NULL, 10, 'Belo Horizonte', 'ASDJOASDJO', '2002-12-13 13:31:00.000'),
(108, '2024-11-29 12:30:26.305', '2024-11-29 12:30:26.305', NULL, 10, 'Belo Horizonte', 'ASDJOASDJO', '2002-12-13 13:31:00.000'),
(109, '2024-11-29 12:30:28.536', '2024-11-29 12:30:28.536', NULL, 10, 'Belo Horizonte', 'ASDJOASDJO', '2002-12-13 13:31:00.000'),
(110, '2024-11-29 12:30:30.442', '2024-11-29 12:30:30.442', NULL, 10, 'Belo Horizonte', 'ASDJOASDJO', '2002-12-13 13:31:00.000'),
(111, '2024-11-29 12:31:20.378', '2024-11-29 12:31:20.378', NULL, 7, 'São Paulo', 'Av. Paulista, 1000', '2024-11-25 10:00:00.000'),
(112, '2024-11-29 12:31:21.261', '2024-11-29 12:31:21.261', NULL, 7, 'São Paulo', 'Av. Paulista, 1000', '2024-11-25 10:00:00.000'),
(113, '2024-11-29 12:31:22.513', '2024-11-29 12:31:22.513', NULL, 7, 'São Paulo', 'Av. Paulista, 1000', '2024-11-25 10:00:00.000'),
(114, '2024-11-29 12:31:23.383', '2024-11-29 12:31:23.383', NULL, 7, 'São Paulo', 'Av. Paulista, 1000', '2024-11-25 10:00:00.000'),
(115, '2024-11-29 12:31:24.307', '2024-11-29 12:31:24.307', NULL, 7, 'São Paulo', 'Av. Paulista, 1000', '2024-11-25 10:00:00.000'),
(116, '2024-11-29 12:31:25.221', '2024-11-29 12:31:25.221', NULL, 7, 'São Paulo', 'Av. Paulista, 1000', '2024-11-25 10:00:00.000'),
(117, '2024-11-29 12:31:26.060', '2024-11-29 12:31:26.060', NULL, 7, 'São Paulo', 'Av. Paulista, 1000', '2024-11-25 10:00:00.000'),
(118, '2024-11-29 12:31:26.939', '2024-11-29 12:31:26.939', NULL, 7, 'São Paulo', 'Av. Paulista, 1000', '2024-11-25 10:00:00.000'),
(119, '2024-11-29 12:31:27.861', '2024-11-29 12:31:27.861', NULL, 7, 'São Paulo', 'Av. Paulista, 1000', '2024-11-25 10:00:00.000'),
(120, '2024-11-29 12:31:30.690', '2024-11-29 12:31:30.690', NULL, 7, 'São Paulo', 'Av. Paulista, 1000', '2024-11-25 10:00:00.000'),
(121, '2024-11-29 12:31:31.701', '2024-11-29 12:31:31.701', NULL, 7, 'São Paulo', 'Av. Paulista, 1000', '2024-11-25 10:00:00.000'),
(122, '2024-11-29 12:31:32.554', '2024-11-29 12:31:32.554', NULL, 7, 'São Paulo', 'Av. Paulista, 1000', '2024-11-25 10:00:00.000'),
(123, '2024-11-29 12:31:33.456', '2024-11-29 12:31:33.456', NULL, 7, 'São Paulo', 'Av. Paulista, 1000', '2024-11-25 10:00:00.000'),
(124, '2024-11-29 12:31:34.389', '2024-11-29 12:31:34.389', NULL, 7, 'São Paulo', 'Av. Paulista, 1000', '2024-11-25 10:00:00.000'),
(125, '2024-11-29 12:31:35.402', '2024-11-29 12:31:35.402', NULL, 7, 'São Paulo', 'Av. Paulista, 1000', '2024-11-25 10:00:00.000'),
(126, '2024-11-29 12:31:36.402', '2024-11-29 12:31:36.402', NULL, 7, 'São Paulo', 'Av. Paulista, 1000', '2024-11-25 10:00:00.000'),
(127, '2024-11-29 12:31:37.382', '2024-11-29 12:31:37.382', NULL, 7, 'São Paulo', 'Av. Paulista, 1000', '2024-11-25 10:00:00.000'),
(128, '2024-11-29 12:32:39.494', '2024-11-29 12:32:39.494', NULL, 7, 'São Paulo', 'Av. Paulista, 1000', '2024-11-25 10:00:00.000'),
(129, '2024-11-29 12:34:16.499', '2024-11-29 12:34:16.499', NULL, 11, 'Belo Horizonte', 'Rua Doutor João Miranda', '2002-12-13 15:12:00.000'),
(130, '2024-11-29 12:34:18.988', '2024-11-29 12:34:18.988', NULL, 11, 'Belo Horizonte', 'Rua Doutor João Miranda', '2002-12-13 15:12:00.000'),
(131, '2024-11-29 12:34:21.017', '2024-11-29 12:34:21.017', NULL, 11, 'Belo Horizonte', 'Rua Doutor João Miranda', '2002-12-13 15:12:00.000'),
(132, '2024-11-29 12:34:22.739', '2024-11-29 12:34:22.739', NULL, 11, 'Belo Horizonte', 'Rua Doutor João Miranda', '2002-12-13 15:12:00.000'),
(133, '2024-11-29 12:34:24.660', '2024-11-29 12:34:24.660', NULL, 11, 'Belo Horizonte', 'Rua Doutor João Miranda', '2002-12-13 15:12:00.000'),
(134, '2024-11-29 12:34:28.047', '2024-11-29 12:34:28.047', NULL, 11, 'Belo Horizonte', 'Rua Doutor João Miranda', '2002-12-13 15:12:00.000'),
(135, '2024-11-29 12:34:29.727', '2024-11-29 12:34:29.727', NULL, 11, 'Belo Horizonte', 'Rua Doutor João Miranda', '2002-12-13 15:12:00.000'),
(136, '2024-11-29 12:34:31.328', '2024-11-29 12:34:31.328', NULL, 11, 'Belo Horizonte', 'Rua Doutor João Miranda', '2002-12-13 15:12:00.000'),
(137, '2024-11-29 12:34:33.089', '2024-11-29 12:34:33.089', NULL, 11, 'Belo Horizonte', 'Rua Doutor João Miranda', '2002-12-13 15:12:00.000'),
(138, '2024-11-29 12:34:35.506', '2024-11-29 12:34:35.506', NULL, 11, 'Belo Horizonte', 'Rua Doutor João Miranda', '2002-12-13 15:12:00.000'),
(139, '2024-11-29 12:43:09.152', '2024-11-29 12:43:09.152', NULL, 11, 'Belo Horizonte', 'ASDJOASDJO', '2002-12-13 15:21:00.000'),
(140, '2024-11-29 12:43:12.297', '2024-11-29 12:43:12.297', NULL, 11, 'Belo Horizonte', 'ASDJOASDJO', '2002-12-13 15:21:00.000'),
(141, '2024-11-29 12:43:17.903', '2024-11-29 12:43:17.903', NULL, 11, 'Belo Horizonte', 'ASDJOASDJO', '2002-12-13 15:21:00.000'),
(142, '2024-11-29 12:43:20.698', '2024-11-29 12:43:20.698', NULL, 11, 'Belo Horizonte', 'ASDJOASDJO', '2002-12-13 15:21:00.000'),
(143, '2024-11-29 12:43:21.555', '2024-11-29 12:43:21.555', NULL, 11, 'Belo Horizonte', 'ASDJOASDJO', '2002-12-13 15:21:00.000'),
(144, '2024-11-29 12:43:22.348', '2024-11-29 12:43:22.348', NULL, 11, 'Belo Horizonte', 'ASDJOASDJO', '2002-12-13 15:21:00.000'),
(145, '2024-11-29 12:43:22.697', '2024-11-29 12:43:22.697', NULL, 11, 'Belo Horizonte', 'ASDJOASDJO', '2002-12-13 15:21:00.000'),
(146, '2024-11-29 12:43:23.154', '2024-11-29 12:43:23.154', NULL, 11, 'Belo Horizonte', 'ASDJOASDJO', '2002-12-13 15:21:00.000'),
(147, '2024-11-29 12:43:23.724', '2024-11-29 12:43:23.724', NULL, 11, 'Belo Horizonte', 'ASDJOASDJO', '2002-12-13 15:21:00.000'),
(148, '2024-11-29 12:43:24.663', '2024-11-29 12:43:24.663', NULL, 11, 'Belo Horizonte', 'ASDJOASDJO', '2002-12-13 15:21:00.000'),
(149, '2024-11-29 12:51:18.725', '2024-11-29 12:51:18.725', NULL, 11, 'Belo Horizonte', 'Rua Doutor João Miranda', '2002-12-13 05:01:00.000'),
(150, '2024-11-29 12:51:19.657', '2024-11-29 12:51:19.657', NULL, 11, 'Belo Horizonte', 'Rua Doutor João Miranda', '2002-12-13 05:01:00.000'),
(151, '2024-11-29 12:51:19.901', '2024-11-29 12:51:19.901', NULL, 11, 'Belo Horizonte', 'Rua Doutor João Miranda', '2002-12-13 05:01:00.000'),
(152, '2024-11-29 12:51:20.075', '2024-11-29 12:51:20.075', NULL, 11, 'Belo Horizonte', 'Rua Doutor João Miranda', '2002-12-13 05:01:00.000'),
(153, '2024-11-29 12:51:20.244', '2024-11-29 12:51:20.244', NULL, 11, 'Belo Horizonte', 'Rua Doutor João Miranda', '2002-12-13 05:01:00.000'),
(154, '2024-11-29 12:51:20.428', '2024-11-29 12:51:20.428', NULL, 11, 'Belo Horizonte', 'Rua Doutor João Miranda', '2002-12-13 05:01:00.000'),
(155, '2024-11-29 12:51:20.853', '2024-11-29 12:51:20.853', NULL, 11, 'Belo Horizonte', 'Rua Doutor João Miranda', '2002-12-13 05:01:00.000'),
(156, '2024-11-29 12:51:21.024', '2024-11-29 12:51:21.024', NULL, 11, 'Belo Horizonte', 'Rua Doutor João Miranda', '2002-12-13 05:01:00.000'),
(157, '2024-11-29 12:51:21.200', '2024-11-29 12:51:21.200', NULL, 11, 'Belo Horizonte', 'Rua Doutor João Miranda', '2002-12-13 05:01:00.000'),
(158, '2024-11-29 12:51:21.376', '2024-11-29 12:51:21.376', NULL, 11, 'Belo Horizonte', 'Rua Doutor João Miranda', '2002-12-13 05:01:00.000'),
(159, '2024-11-29 12:51:21.717', '2024-11-29 12:51:21.717', NULL, 11, 'Belo Horizonte', 'Rua Doutor João Miranda', '2002-12-13 05:01:00.000'),
(160, '2024-11-29 12:51:22.152', '2024-11-29 12:51:22.152', NULL, 11, 'Belo Horizonte', 'Rua Doutor João Miranda', '2002-12-13 05:01:00.000'),
(161, '2024-11-29 12:51:22.331', '2024-11-29 12:51:22.331', NULL, 11, 'Belo Horizonte', 'Rua Doutor João Miranda', '2002-12-13 05:01:00.000'),
(162, '2024-11-29 12:51:22.513', '2024-11-29 12:51:22.513', NULL, 11, 'Belo Horizonte', 'Rua Doutor João Miranda', '2002-12-13 05:01:00.000'),
(163, '2024-11-29 12:51:22.832', '2024-11-29 12:51:22.832', NULL, 11, 'Belo Horizonte', 'Rua Doutor João Miranda', '2002-12-13 05:01:00.000'),
(164, '2024-11-29 12:51:23.021', '2024-11-29 12:51:23.021', NULL, 11, 'Belo Horizonte', 'Rua Doutor João Miranda', '2002-12-13 05:01:00.000'),
(165, '2024-11-29 12:51:23.471', '2024-11-29 12:51:23.471', NULL, 11, 'Belo Horizonte', 'Rua Doutor João Miranda', '2002-12-13 05:01:00.000'),
(166, '2024-11-29 12:51:23.885', '2024-11-29 12:51:23.885', NULL, 11, 'Belo Horizonte', 'Rua Doutor João Miranda', '2002-12-13 05:01:00.000'),
(167, '2024-11-29 12:51:24.305', '2024-11-29 12:51:24.305', NULL, 11, 'Belo Horizonte', 'Rua Doutor João Miranda', '2002-12-13 05:01:00.000'),
(168, '2024-11-29 12:51:24.718', '2024-11-29 12:51:24.718', NULL, 11, 'Belo Horizonte', 'Rua Doutor João Miranda', '2002-12-13 05:01:00.000'),
(169, '2024-11-29 12:51:25.136', '2024-11-29 12:51:25.136', NULL, 11, 'Belo Horizonte', 'Rua Doutor João Miranda', '2002-12-13 05:01:00.000'),
(170, '2024-11-29 12:51:25.634', '2024-11-29 12:51:25.634', NULL, 11, 'Belo Horizonte', 'Rua Doutor João Miranda', '2002-12-13 05:01:00.000'),
(171, '2024-11-29 12:51:26.039', '2024-11-29 12:51:26.039', NULL, 11, 'Belo Horizonte', 'Rua Doutor João Miranda', '2002-12-13 05:01:00.000'),
(172, '2024-11-29 12:51:26.402', '2024-11-29 12:51:26.402', NULL, 11, 'Belo Horizonte', 'Rua Doutor João Miranda', '2002-12-13 05:01:00.000'),
(173, '2024-11-29 12:51:26.730', '2024-11-29 12:51:26.730', NULL, 11, 'Belo Horizonte', 'Rua Doutor João Miranda', '2002-12-13 05:01:00.000'),
(174, '2024-11-29 12:51:27.028', '2024-11-29 12:51:27.028', NULL, 11, 'Belo Horizonte', 'Rua Doutor João Miranda', '2002-12-13 05:01:00.000'),
(175, '2024-11-29 12:51:27.337', '2024-11-29 12:51:27.337', NULL, 11, 'Belo Horizonte', 'Rua Doutor João Miranda', '2002-12-13 05:01:00.000'),
(176, '2024-11-29 12:51:27.751', '2024-11-29 12:51:27.751', NULL, 11, 'Belo Horizonte', 'Rua Doutor João Miranda', '2002-12-13 05:01:00.000'),
(177, '2024-11-29 12:51:28.189', '2024-11-29 12:51:28.189', NULL, 11, 'Belo Horizonte', 'Rua Doutor João Miranda', '2002-12-13 05:01:00.000'),
(178, '2024-11-29 12:51:28.596', '2024-11-29 12:51:28.596', NULL, 11, 'Belo Horizonte', 'Rua Doutor João Miranda', '2002-12-13 05:01:00.000'),
(179, '2024-11-29 14:10:16.530', '2024-11-29 14:10:16.530', NULL, 12, 'Belo Horizonte', 'Droga Arraia', '2024-11-29 14:10:00.000'),
(180, '2024-11-29 14:10:23.909', '2024-11-29 14:10:23.909', NULL, 12, 'Belo Horizonte', 'Droga Arraia', '2024-11-29 14:10:00.000'),
(181, '2024-11-29 14:10:24.056', '2024-11-29 14:10:24.056', NULL, 12, 'Belo Horizonte', 'Droga Arraia', '2024-11-29 14:10:00.000'),
(182, '2024-11-29 14:10:24.262', '2024-11-29 14:10:24.262', NULL, 12, 'Belo Horizonte', 'Droga Arraia', '2024-11-29 14:10:00.000'),
(183, '2024-11-29 14:10:24.422', '2024-11-29 14:10:24.422', NULL, 12, 'Belo Horizonte', 'Droga Arraia', '2024-11-29 14:10:00.000'),
(184, '2024-11-29 14:10:24.594', '2024-11-29 14:10:24.594', NULL, 12, 'Belo Horizonte', 'Droga Arraia', '2024-11-29 14:10:00.000'),
(185, '2024-11-29 14:10:24.736', '2024-11-29 14:10:24.736', NULL, 12, 'Belo Horizonte', 'Droga Arraia', '2024-11-29 14:10:00.000'),
(186, '2024-11-29 14:10:25.195', '2024-11-29 14:10:25.195', NULL, 12, 'Belo Horizonte', 'Droga Arraia', '2024-11-29 14:10:00.000'),
(187, '2024-11-29 14:10:25.734', '2024-11-29 14:10:25.734', NULL, 12, 'Belo Horizonte', 'Droga Arraia', '2024-11-29 14:10:00.000'),
(188, '2024-11-29 14:10:26.444', '2024-11-29 14:10:26.444', NULL, 12, 'Belo Horizonte', 'Droga Arraia', '2024-11-29 14:10:00.000'),
(189, '2024-11-29 14:10:31.692', '2024-11-29 14:10:31.692', NULL, 12, 'Belo Horizonte', 'Droga Arraia', '2024-11-29 14:10:00.000'),
(190, '2024-11-29 14:10:31.852', '2024-11-29 14:10:31.852', NULL, 12, 'Belo Horizonte', 'Droga Arraia', '2024-11-29 14:10:00.000'),
(191, '2024-11-29 14:10:32.016', '2024-11-29 14:10:32.016', NULL, 12, 'Belo Horizonte', 'Droga Arraia', '2024-11-29 14:10:00.000'),
(192, '2024-11-29 14:10:32.182', '2024-11-29 14:10:32.182', NULL, 12, 'Belo Horizonte', 'Droga Arraia', '2024-11-29 14:10:00.000'),
(193, '2024-11-29 14:10:32.337', '2024-11-29 14:10:32.337', NULL, 12, 'Belo Horizonte', 'Droga Arraia', '2024-11-29 14:10:00.000'),
(194, '2024-11-29 14:10:32.516', '2024-11-29 14:10:32.516', NULL, 12, 'Belo Horizonte', 'Droga Arraia', '2024-11-29 14:10:00.000'),
(195, '2024-11-29 14:10:32.684', '2024-11-29 14:10:32.684', NULL, 12, 'Belo Horizonte', 'Droga Arraia', '2024-11-29 14:10:00.000'),
(196, '2024-11-29 14:10:32.873', '2024-11-29 14:10:32.873', NULL, 12, 'Belo Horizonte', 'Droga Arraia', '2024-11-29 14:10:00.000'),
(197, '2024-11-29 14:10:33.039', '2024-11-29 14:10:33.039', NULL, 12, 'Belo Horizonte', 'Droga Arraia', '2024-11-29 14:10:00.000'),
(198, '2024-11-29 14:10:33.202', '2024-11-29 14:10:33.202', NULL, 12, 'Belo Horizonte', 'Droga Arraia', '2024-11-29 14:10:00.000'),
(199, '2024-11-29 14:10:34.465', '2024-11-29 14:10:34.465', NULL, 12, 'Belo Horizonte', 'Droga Arraia', '2024-11-29 14:10:00.000'),
(200, '2024-11-29 14:10:34.615', '2024-11-29 14:10:34.615', NULL, 12, 'Belo Horizonte', 'Droga Arraia', '2024-11-29 14:10:00.000'),
(201, '2024-11-29 14:10:34.788', '2024-11-29 14:10:34.788', NULL, 12, 'Belo Horizonte', 'Droga Arraia', '2024-11-29 14:10:00.000'),
(202, '2024-11-29 14:10:34.946', '2024-11-29 14:10:34.946', NULL, 12, 'Belo Horizonte', 'Droga Arraia', '2024-11-29 14:10:00.000'),
(203, '2024-11-29 14:10:35.112', '2024-11-29 14:10:35.112', NULL, 12, 'Belo Horizonte', 'Droga Arraia', '2024-11-29 14:10:00.000'),
(204, '2024-11-29 14:10:35.265', '2024-11-29 14:10:35.265', NULL, 12, 'Belo Horizonte', 'Droga Arraia', '2024-11-29 14:10:00.000'),
(205, '2024-11-29 14:10:35.423', '2024-11-29 14:10:35.423', NULL, 12, 'Belo Horizonte', 'Droga Arraia', '2024-11-29 14:10:00.000'),
(206, '2024-11-29 14:10:35.596', '2024-11-29 14:10:35.596', NULL, 12, 'Belo Horizonte', 'Droga Arraia', '2024-11-29 14:10:00.000'),
(207, '2024-11-29 14:10:35.759', '2024-11-29 14:10:35.759', NULL, 12, 'Belo Horizonte', 'Droga Arraia', '2024-11-29 14:10:00.000'),
(208, '2024-11-29 14:10:35.935', '2024-11-29 14:10:35.935', NULL, 12, 'Belo Horizonte', 'Droga Arraia', '2024-11-29 14:10:00.000'),
(209, '2024-11-29 14:10:36.242', '2024-11-29 14:10:36.242', NULL, 12, 'Belo Horizonte', 'Droga Arraia', '2024-11-29 14:10:00.000'),
(210, '2024-11-29 14:10:36.401', '2024-11-29 14:10:36.401', NULL, 12, 'Belo Horizonte', 'Droga Arraia', '2024-11-29 14:10:00.000'),
(211, '2024-11-29 14:10:36.569', '2024-11-29 14:10:36.569', NULL, 12, 'Belo Horizonte', 'Droga Arraia', '2024-11-29 14:10:00.000'),
(212, '2024-11-29 14:10:36.741', '2024-11-29 14:10:36.741', NULL, 12, 'Belo Horizonte', 'Droga Arraia', '2024-11-29 14:10:00.000'),
(213, '2024-11-29 14:10:36.904', '2024-11-29 14:10:36.904', NULL, 12, 'Belo Horizonte', 'Droga Arraia', '2024-11-29 14:10:00.000'),
(214, '2024-11-29 14:10:37.074', '2024-11-29 14:10:37.074', NULL, 12, 'Belo Horizonte', 'Droga Arraia', '2024-11-29 14:10:00.000'),
(215, '2024-11-29 14:10:37.241', '2024-11-29 14:10:37.241', NULL, 12, 'Belo Horizonte', 'Droga Arraia', '2024-11-29 14:10:00.000'),
(216, '2024-11-29 14:10:37.399', '2024-11-29 14:10:37.399', NULL, 12, 'Belo Horizonte', 'Droga Arraia', '2024-11-29 14:10:00.000'),
(217, '2024-11-29 14:10:37.562', '2024-11-29 14:10:37.562', NULL, 12, 'Belo Horizonte', 'Droga Arraia', '2024-11-29 14:10:00.000'),
(218, '2024-11-29 14:10:37.752', '2024-11-29 14:10:37.752', NULL, 12, 'Belo Horizonte', 'Droga Arraia', '2024-11-29 14:10:00.000'),
(219, '2024-11-29 14:10:37.943', '2024-11-29 14:10:37.943', NULL, 12, 'Belo Horizonte', 'Droga Arraia', '2024-11-29 14:10:00.000'),
(220, '2024-11-29 14:10:38.127', '2024-11-29 14:10:38.127', NULL, 12, 'Belo Horizonte', 'Droga Arraia', '2024-11-29 14:10:00.000'),
(221, '2024-11-29 14:10:38.296', '2024-11-29 14:10:38.296', NULL, 12, 'Belo Horizonte', 'Droga Arraia', '2024-11-29 14:10:00.000'),
(222, '2024-11-29 14:10:38.494', '2024-11-29 14:10:38.494', NULL, 12, 'Belo Horizonte', 'Droga Arraia', '2024-11-29 14:10:00.000'),
(223, '2024-11-29 14:10:40.455', '2024-11-29 14:10:40.455', NULL, 12, 'Belo Horizonte', 'Droga Arraia', '2024-11-29 14:10:00.000'),
(224, '2024-11-29 14:10:40.778', '2024-11-29 14:10:40.778', NULL, 12, 'Belo Horizonte', 'Droga Arraia', '2024-11-29 14:10:00.000'),
(225, '2024-11-29 14:10:41.244', '2024-11-29 14:10:41.244', NULL, 12, 'Belo Horizonte', 'Droga Arraia', '2024-11-29 14:10:00.000'),
(226, '2024-11-29 14:10:41.459', '2024-11-29 14:10:41.459', NULL, 12, 'Belo Horizonte', 'Droga Arraia', '2024-11-29 14:10:00.000'),
(227, '2024-11-29 14:10:45.329', '2024-11-29 14:10:45.329', NULL, 12, 'Belo Horizonte', 'Droga Arraia', '2024-11-29 14:10:00.000'),
(228, '2024-11-29 14:10:45.528', '2024-11-29 14:10:45.528', NULL, 12, 'Belo Horizonte', 'Droga Arraia', '2024-11-29 14:10:00.000'),
(229, '2024-11-29 14:10:58.815', '2024-11-29 14:10:58.815', NULL, 12, 'Cara', 'Droga asdasd', '2024-11-29 14:10:00.000'),
(230, '2024-11-29 14:10:58.976', '2024-11-29 14:10:58.976', NULL, 12, 'Cara', 'Droga asdasd', '2024-11-29 14:10:00.000'),
(231, '2024-11-29 14:10:59.151', '2024-11-29 14:10:59.151', NULL, 12, 'Cara', 'Droga asdasd', '2024-11-29 14:10:00.000'),
(232, '2024-11-29 14:11:01.179', '2024-11-29 14:11:01.179', NULL, 12, 'Cara', 'Droga asdasda', '2024-11-29 14:10:00.000'),
(233, '2024-11-29 14:11:01.334', '2024-11-29 14:11:01.334', NULL, 12, 'Cara', 'Droga asdasda', '2024-11-29 14:10:00.000'),
(234, '2024-11-29 14:11:03.519', '2024-11-29 14:11:03.519', NULL, 12, 'Cara', 'Droga asdasdaaaa', '2024-11-29 14:10:00.000'),
(235, '2024-11-29 14:11:06.461', '2024-11-29 14:11:06.461', NULL, 12, 'fas', 'Droga asdasdaaaa', '2024-11-29 14:10:00.000'),
(236, '2024-11-29 14:11:21.931', '2024-11-29 14:11:21.931', NULL, 12, 'fasadsasdasd', 'Droga asdasdaaaa', '2024-11-29 14:10:00.000'),
(237, '2024-11-29 14:11:23.911', '2024-11-29 14:11:23.911', NULL, 12, 'fasadsasdasd', 'Droga asdasdaaaa12312', '2024-11-29 14:10:00.000'),
(238, '2024-11-29 14:11:24.087', '2024-11-29 14:11:24.087', NULL, 12, 'fasadsasdasd', 'Droga asdasdaaaa12312', '2024-11-29 14:10:00.000'),
(239, '2024-11-29 14:32:36.892', '2024-11-29 14:32:36.892', NULL, 13, 'Belo Horizonte', 'Droga Arraia', '2024-11-19 16:12:00.000'),
(240, '2024-11-29 14:32:37.953', '2024-11-29 14:32:37.953', NULL, 13, 'Belo Horizonte', 'Droga Arraia', '2024-11-19 16:12:00.000'),
(241, '2024-11-29 14:32:38.217', '2024-11-29 14:32:38.217', NULL, 13, 'Belo Horizonte', 'Droga Arraia', '2024-11-19 16:12:00.000'),
(242, '2024-11-29 14:32:38.409', '2024-11-29 14:32:38.409', NULL, 13, 'Belo Horizonte', 'Droga Arraia', '2024-11-19 16:12:00.000'),
(243, '2024-11-29 14:32:38.720', '2024-11-29 14:32:38.720', NULL, 13, 'Belo Horizonte', 'Droga Arraia', '2024-11-19 16:12:00.000'),
(244, '2024-11-29 14:32:39.163', '2024-11-29 14:32:39.163', NULL, 13, 'Belo Horizonte', 'Droga Arraia', '2024-11-19 16:12:00.000'),
(245, '2024-11-29 14:32:39.525', '2024-11-29 14:32:39.525', NULL, 13, 'Belo Horizonte', 'Droga Arraia', '2024-11-19 16:12:00.000'),
(246, '2024-11-29 14:32:39.807', '2024-11-29 14:32:39.807', NULL, 13, 'Belo Horizonte', 'Droga Arraia', '2024-11-19 16:12:00.000'),
(247, '2024-11-29 14:32:40.196', '2024-11-29 14:32:40.196', NULL, 13, 'Belo Horizonte', 'Droga Arraia', '2024-11-19 16:12:00.000'),
(248, '2024-11-29 14:32:40.931', '2024-11-29 14:32:40.931', NULL, 13, 'Belo Horizonte', 'Droga Arraia', '2024-11-19 16:12:00.000'),
(249, '2024-11-29 14:32:56.385', '2024-11-29 14:32:56.385', NULL, 13, 'Contagem', 'Droga Arraia', '2024-02-19 16:12:00.000'),
(250, '2024-11-29 14:33:04.091', '2024-11-29 14:33:04.091', NULL, 13, 'Betim', 'Droga Arraia', '2024-02-19 16:12:00.000'),
(251, '2024-11-29 14:33:10.917', '2024-11-29 14:33:10.917', NULL, 13, 'Betim', 'Droga Viva', '2024-02-19 16:12:00.000'),
(252, '2024-11-29 14:33:18.476', '2024-11-29 14:33:18.476', NULL, 13, 'Contagem', 'Droga Luz', '2024-02-19 16:12:00.000'),
(253, '2024-11-29 14:33:26.398', '2024-11-29 14:33:26.398', NULL, 13, 'Contagem', 'Droga Luz', '2024-02-19 16:12:00.000'),
(254, '2024-11-29 14:33:26.547', '2024-11-29 14:33:26.547', NULL, 13, 'Contagem', 'Droga Luz', '2024-02-19 16:12:00.000'),
(255, '2024-11-29 14:33:26.717', '2024-11-29 14:33:26.717', NULL, 13, 'Contagem', 'Droga Luz', '2024-02-19 16:12:00.000'),
(256, '2024-11-29 14:33:26.881', '2024-11-29 14:33:26.881', NULL, 13, 'Contagem', 'Droga Luz', '2024-02-19 16:12:00.000'),
(257, '2024-11-29 14:33:27.068', '2024-11-29 14:33:27.068', NULL, 13, 'Contagem', 'Droga Luz', '2024-02-19 16:12:00.000'),
(258, '2024-11-29 14:33:27.218', '2024-11-29 14:33:27.218', NULL, 13, 'Contagem', 'Droga Luz', '2024-02-19 16:12:00.000'),
(259, '2024-11-29 14:33:27.825', '2024-11-29 14:33:27.825', NULL, 13, 'Contagem', 'Droga Luz', '2024-02-19 16:12:00.000'),
(260, '2024-11-29 14:33:27.987', '2024-11-29 14:33:27.987', NULL, 13, 'Contagem', 'Droga Luz', '2024-02-19 16:12:00.000'),
(261, '2024-11-29 14:33:28.155', '2024-11-29 14:33:28.155', NULL, 13, 'Contagem', 'Droga Luz', '2024-02-19 16:12:00.000'),
(262, '2024-11-29 14:33:28.533', '2024-11-29 14:33:28.533', NULL, 13, 'Contagem', 'Droga Luz', '2024-02-19 16:12:00.000'),
(263, '2024-11-29 14:33:28.955', '2024-11-29 14:33:28.955', NULL, 13, 'Contagem', 'Droga Luz', '2024-02-19 16:12:00.000'),
(264, '2024-11-29 14:33:29.350', '2024-11-29 14:33:29.350', NULL, 13, 'Contagem', 'Droga Luz', '2024-02-19 16:12:00.000'),
(265, '2024-11-29 14:33:29.628', '2024-11-29 14:33:29.628', NULL, 13, 'Contagem', 'Droga Luz', '2024-02-19 16:12:00.000'),
(266, '2024-11-29 14:33:30.075', '2024-11-29 14:33:30.075', NULL, 13, 'Contagem', 'Droga Luz', '2024-02-19 16:12:00.000'),
(267, '2024-11-29 14:33:30.500', '2024-11-29 14:33:30.500', NULL, 13, 'Contagem', 'Droga Luz', '2024-02-19 16:12:00.000'),
(268, '2024-11-29 14:33:31.145', '2024-11-29 14:33:31.145', NULL, 13, 'Contagem', 'Droga Luz', '2024-02-19 16:12:00.000'),
(269, '2024-11-29 14:33:32.831', '2024-11-29 14:33:32.831', NULL, 13, 'Contagem', 'Droga Luz', '2024-02-19 16:12:00.000'),
(270, '2024-11-29 14:33:32.979', '2024-11-29 14:33:32.979', NULL, 13, 'Contagem', 'Droga Luz', '2024-02-19 16:12:00.000'),
(271, '2024-11-29 14:33:33.145', '2024-11-29 14:33:33.145', NULL, 13, 'Contagem', 'Droga Luz', '2024-02-19 16:12:00.000'),
(272, '2024-11-29 14:33:33.367', '2024-11-29 14:33:33.367', NULL, 13, 'Contagem', 'Droga Luz', '2024-02-19 16:12:00.000'),
(273, '2024-11-29 14:33:33.703', '2024-11-29 14:33:33.703', NULL, 13, 'Contagem', 'Droga Luz', '2024-02-19 16:12:00.000'),
(274, '2024-11-29 14:33:34.147', '2024-11-29 14:33:34.147', NULL, 13, 'Contagem', 'Droga Luz', '2024-02-19 16:12:00.000'),
(275, '2024-11-29 14:33:34.542', '2024-11-29 14:33:34.542', NULL, 13, 'Contagem', 'Droga Luz', '2024-02-19 16:12:00.000'),
(276, '2024-11-29 14:33:34.972', '2024-11-29 14:33:34.972', NULL, 13, 'Contagem', 'Droga Luz', '2024-02-19 16:12:00.000'),
(277, '2024-11-29 14:33:35.255', '2024-11-29 14:33:35.255', NULL, 13, 'Contagem', 'Droga Luz', '2024-02-19 16:12:00.000'),
(278, '2024-11-29 14:33:35.415', '2024-11-29 14:33:35.415', NULL, 13, 'Contagem', 'Droga Luz', '2024-02-19 16:12:00.000'),
(279, '2024-11-29 14:33:35.635', '2024-11-29 14:33:35.635', NULL, 13, 'Contagem', 'Droga Luz', '2024-02-19 16:12:00.000'),
(280, '2024-11-29 14:33:35.887', '2024-11-29 14:33:35.887', NULL, 13, 'Contagem', 'Droga Luz', '2024-02-19 16:12:00.000'),
(281, '2024-11-29 14:33:36.050', '2024-11-29 14:33:36.050', NULL, 13, 'Contagem', 'Droga Luz', '2024-02-19 16:12:00.000'),
(282, '2024-11-29 14:33:36.219', '2024-11-29 14:33:36.219', NULL, 13, 'Contagem', 'Droga Luz', '2024-02-19 16:12:00.000'),
(283, '2024-11-29 14:33:36.380', '2024-11-29 14:33:36.380', NULL, 13, 'Contagem', 'Droga Luz', '2024-02-19 16:12:00.000'),
(284, '2024-11-29 14:33:36.552', '2024-11-29 14:33:36.552', NULL, 13, 'Contagem', 'Droga Luz', '2024-02-19 16:12:00.000'),
(285, '2024-11-29 14:33:36.707', '2024-11-29 14:33:36.707', NULL, 13, 'Contagem', 'Droga Luz', '2024-02-19 16:12:00.000'),
(286, '2024-11-29 14:33:36.858', '2024-11-29 14:33:36.858', NULL, 13, 'Contagem', 'Droga Luz', '2024-02-19 16:12:00.000'),
(287, '2024-11-29 14:33:37.049', '2024-11-29 14:33:37.049', NULL, 13, 'Contagem', 'Droga Luz', '2024-02-19 16:12:00.000'),
(288, '2024-11-29 14:33:37.263', '2024-11-29 14:33:37.263', NULL, 13, 'Contagem', 'Droga Luz', '2024-02-19 16:12:00.000');

-- --------------------------------------------------------

--
-- Estrutura para tabela `locations`
--

CREATE TABLE `locations` (
  `id` bigint(20) UNSIGNED NOT NULL,
  `created_at` datetime(3) DEFAULT NULL,
  `updated_at` datetime(3) DEFAULT NULL,
  `deleted_at` datetime(3) DEFAULT NULL,
  `city` longtext DEFAULT NULL,
  `location` longtext DEFAULT NULL,
  `count` bigint(20) DEFAULT NULL
) ENGINE=InnoDB DEFAULT CHARSET=latin1 COLLATE=latin1_swedish_ci;

--
-- Despejando dados para a tabela `locations`
--

INSERT INTO `locations` (`id`, `created_at`, `updated_at`, `deleted_at`, `city`, `location`, `count`) VALUES
(1, '2024-11-25 10:19:37.616', '2024-11-29 12:32:39.498', NULL, 'São Paulo', 'Av. Paulista, 1000', 104),
(2, '2024-11-29 12:27:19.282', '2024-11-29 12:43:24.670', NULL, 'Belo Horizonte', 'ASDJOASDJO', 31),
(3, '2024-11-29 12:34:16.504', '2024-11-29 12:51:28.600', NULL, 'Belo Horizonte', 'Rua Doutor João Miranda', 40),
(4, '2024-11-29 14:10:16.534', '2024-11-29 14:32:40.935', NULL, 'Belo Horizonte', 'Droga Arraia', 60),
(5, '2024-11-29 14:10:58.820', '2024-11-29 14:10:59.155', NULL, 'Cara', 'Droga asdasd', 3),
(6, '2024-11-29 14:11:01.184', '2024-11-29 14:11:01.338', NULL, 'Cara', 'Droga asdasda', 2),
(7, '2024-11-29 14:11:03.525', '2024-11-29 14:11:03.528', NULL, 'Cara', 'Droga asdasdaaaa', 1),
(8, '2024-11-29 14:11:06.467', '2024-11-29 14:11:06.470', NULL, 'fas', 'Droga asdasdaaaa', 1),
(9, '2024-11-29 14:11:21.936', '2024-11-29 14:11:21.939', NULL, 'fasadsasdasd', 'Droga asdasdaaaa', 1),
(10, '2024-11-29 14:11:23.916', '2024-11-29 14:11:24.093', NULL, 'fasadsasdasd', 'Droga asdasdaaaa12312', 2),
(11, '2024-11-29 14:32:56.391', '2024-11-29 14:32:56.395', NULL, 'Contagem', 'Droga Arraia', 1),
(12, '2024-11-29 14:33:04.114', '2024-11-29 14:33:04.117', NULL, 'Betim', 'Droga Arraia', 1),
(13, '2024-11-29 14:33:10.922', '2024-11-29 14:33:10.925', NULL, 'Betim', 'Droga Viva', 1),
(14, '2024-11-29 14:33:18.482', '2024-11-29 14:33:37.267', NULL, 'Contagem', 'Droga Luz', 37);

-- --------------------------------------------------------

--
-- Estrutura para tabela `reward_types`
--

CREATE TABLE `reward_types` (
  `id` bigint(20) UNSIGNED NOT NULL,
  `created_at` datetime(3) DEFAULT NULL,
  `updated_at` datetime(3) DEFAULT NULL,
  `deleted_at` datetime(3) DEFAULT NULL,
  `name` longtext DEFAULT NULL,
  `description` longtext DEFAULT NULL,
  `requirement` bigint(20) DEFAULT NULL
) ENGINE=InnoDB DEFAULT CHARSET=latin1 COLLATE=latin1_swedish_ci;

--
-- Despejando dados para a tabela `reward_types`
--

INSERT INTO `reward_types` (`id`, `created_at`, `updated_at`, `deleted_at`, `name`, `description`, `requirement`) VALUES
(1, '2024-11-25 10:18:39.377', '2024-11-25 10:18:39.377', NULL, 'Bronze', 'Completou 10 descartes', 10),
(2, '2024-11-25 10:18:39.379', '2024-11-25 10:18:39.379', NULL, 'Viajante', 'Descarte em 5 pontos diferentes', 5),
(3, '2024-11-25 10:18:39.384', '2024-11-25 10:18:39.384', NULL, 'Prata', 'Completou 20 descartes', 20),
(4, '2024-11-25 10:18:39.386', '2024-11-25 10:18:39.386', NULL, 'Ouro', 'Completou 30 descartes', 30),
(5, '2024-11-25 10:18:39.388', '2024-11-25 10:18:39.388', NULL, 'Variado', 'Descarte em 20 pontos diferentes', 20),
(6, '2024-11-25 10:18:39.390', '2024-11-25 10:18:39.390', NULL, 'Diamante', 'Completou 50 descartes', 50);

-- --------------------------------------------------------

--
-- Estrutura para tabela `users`
--

CREATE TABLE `users` (
  `id` bigint(20) UNSIGNED NOT NULL,
  `created_at` datetime(3) DEFAULT NULL,
  `updated_at` datetime(3) DEFAULT NULL,
  `deleted_at` datetime(3) DEFAULT NULL,
  `name` varchar(191) DEFAULT 'Usuário',
  `email` varchar(191) DEFAULT NULL,
  `password` longtext DEFAULT NULL,
  `birth_date` datetime(3) DEFAULT NULL,
  `phone` longtext DEFAULT NULL
) ENGINE=InnoDB DEFAULT CHARSET=latin1 COLLATE=latin1_swedish_ci;

--
-- Despejando dados para a tabela `users`
--

INSERT INTO `users` (`id`, `created_at`, `updated_at`, `deleted_at`, `name`, `email`, `password`, `birth_date`, `phone`) VALUES
(1, '2024-11-25 10:18:57.397', '2024-11-25 10:18:57.397', NULL, 'Matheus Cilp', 'eduardoatenesilva@gmail.com', '$2a$10$zsRDvOxxcIpKdyp/zFUH0uCgvWxbVsqycOJ69ZMtgM2Ad//1Fmc5u', '2002-12-13 00:00:00.000', '(31) 9 92051504'),
(3, '2024-11-25 10:50:03.165', '2024-11-25 10:50:03.165', NULL, 'Calopcita Duds', 'eduardoatenesilvamarinha@gmail.com', '$2a$10$T1iIyqkSeRYfQ3tQxoqREerDRwUL9Bgp6lj4lvFNErylYJzVl/CU6', '2002-12-13 00:00:00.000', '(31) 9 92051504'),
(4, '2024-11-25 13:05:17.694', '2024-11-25 13:05:17.694', NULL, 'Pedor Atene', 'pedro@gmail.com', '$2a$10$8XEJzhjxzn8A425k6Rwk8u0LOR/Nqc1ChfrcphYOo7ER8FE8ui5Vi', '2002-12-13 00:00:00.000', '(31) 9 92051504'),
(7, '2024-11-29 11:29:00.654', '2024-11-29 11:29:00.654', NULL, 'Eduardo Atene Silva', 'pedro1@gmail.com', '$2a$10$8o8zZTZbyA3WfA3EdJCyFu5jkkSaUgrSwxR4tFWk/ZvPm8NZZGl2G', '2002-12-13 00:00:00.000', '(31) 9 92051504'),
(8, '2024-11-29 11:31:39.868', '2024-11-29 11:31:39.868', NULL, 'Eduardo Atene Silva', 'dudu@gmail.com', '$2a$10$2/LZJCWXrD5J.zvMMFHEteDFsbVCqw3mVl05qOWgbgBl.K/eM8enG', '2002-12-13 00:00:00.000', '(31) 99205-1504'),
(10, '2024-11-29 12:29:37.076', '2024-11-29 12:29:37.076', NULL, 'Eduardo Atene Silva', 'dudu123@gmail.com', '$2a$10$FN.wcJKSRIm9iwW7rJJ9S.w1b8NTNxZVnxgO5W94SX/nkycltngN2', '2002-12-13 00:00:00.000', '(31) 99205-1504'),
(11, '2024-11-29 12:33:53.692', '2024-11-29 12:33:53.692', NULL, 'Eduardo Atene', 'dududu@gmail.com', '$2a$10$PeEy2nn14psGPJzKPGJ0U.wDaX9siP1VUpOQUT4Iu67F36GQtnfUS', '2002-12-13 00:00:00.000', '(31) 99999-2312'),
(12, '2024-11-29 14:08:59.698', '2024-11-29 14:08:59.698', NULL, 'Lorem SIlva da Mata', 'lorem@gmail.com', '$2a$10$YnO47sfVxcZv5XgH.qTTYuxYLtD.jrt.K1smSUtah9DmDZOW3n1SC', '2002-12-13 00:00:00.000', '(31) 99241-2412'),
(13, '2024-11-29 14:31:42.409', '2024-11-29 14:31:42.409', NULL, 'Loren Inspum', 'loremSilva@gmail.com', '$2a$10$.gEzok5.EnpodjJp.7oMQ.fJMlAmUcOwPKAtOTHxLFVwMgtquSWi6', '1999-12-13 00:00:00.000', '(31) 99512-3122');

-- --------------------------------------------------------

--
-- Estrutura para tabela `user_rewards`
--

CREATE TABLE `user_rewards` (
  `id` bigint(20) UNSIGNED NOT NULL,
  `created_at` datetime(3) DEFAULT NULL,
  `updated_at` datetime(3) DEFAULT NULL,
  `deleted_at` datetime(3) DEFAULT NULL,
  `user_id` bigint(20) UNSIGNED DEFAULT NULL,
  `reward_id` bigint(20) UNSIGNED DEFAULT NULL,
  `achieved_at` datetime(3) DEFAULT NULL
) ENGINE=InnoDB DEFAULT CHARSET=latin1 COLLATE=latin1_swedish_ci;

--
-- Despejando dados para a tabela `user_rewards`
--

INSERT INTO `user_rewards` (`id`, `created_at`, `updated_at`, `deleted_at`, `user_id`, `reward_id`, `achieved_at`) VALUES
(1, '2024-11-25 10:19:43.617', '2024-11-25 10:19:43.617', NULL, 1, 1, '2024-11-25 10:19:43.617'),
(2, '2024-11-25 10:52:10.006', '2024-11-25 10:52:10.006', NULL, 1, 3, '2024-11-25 10:52:10.006'),
(3, '2024-11-25 10:52:32.400', '2024-11-25 10:52:32.400', NULL, 3, 1, '2024-11-25 10:52:32.399'),
(4, '2024-11-25 10:56:09.190', '2024-11-25 10:56:09.190', NULL, 3, 3, '2024-11-25 10:56:09.190'),
(5, '2024-11-25 10:56:23.452', '2024-11-25 10:56:23.452', NULL, 3, 4, '2024-11-25 10:56:23.451'),
(6, '2024-11-25 10:56:35.663', '2024-11-25 10:56:35.663', NULL, 3, 6, '2024-11-25 10:56:35.663'),
(7, '2024-11-25 13:06:33.409', '2024-11-25 13:06:33.409', NULL, 4, 1, '2024-11-25 13:06:33.408'),
(8, '2024-11-29 12:27:40.060', '2024-11-29 12:27:40.060', NULL, 8, 1, '2024-11-29 12:27:40.059'),
(9, '2024-11-29 12:30:30.455', '2024-11-29 12:30:30.455', NULL, 10, 1, '2024-11-29 12:30:30.454'),
(10, '2024-11-29 12:31:26.069', '2024-11-29 12:31:26.069', NULL, 7, 1, '2024-11-29 12:31:26.069'),
(11, '2024-11-29 12:31:37.399', '2024-11-29 12:31:37.399', NULL, 7, 3, '2024-11-29 12:31:37.398'),
(12, '2024-11-29 12:34:35.526', '2024-11-29 12:34:35.526', NULL, 11, 1, '2024-11-29 12:34:35.525'),
(13, '2024-11-29 12:43:24.681', '2024-11-29 12:43:24.681', NULL, 11, 3, '2024-11-29 12:43:24.680'),
(14, '2024-11-29 12:51:21.387', '2024-11-29 12:51:21.387', NULL, 11, 4, '2024-11-29 12:51:21.386'),
(15, '2024-11-29 12:51:28.604', '2024-11-29 12:51:28.604', NULL, 11, 6, '2024-11-29 12:51:28.603'),
(16, '2024-11-29 14:10:26.457', '2024-11-29 14:10:26.457', NULL, 12, 1, '2024-11-29 14:10:26.457'),
(17, '2024-11-29 14:10:33.212', '2024-11-29 14:10:33.212', NULL, 12, 3, '2024-11-29 14:10:33.212'),
(18, '2024-11-29 14:10:35.947', '2024-11-29 14:10:35.947', NULL, 12, 4, '2024-11-29 14:10:35.946'),
(19, '2024-11-29 14:10:45.538', '2024-11-29 14:10:45.538', NULL, 12, 6, '2024-11-29 14:10:45.538'),
(20, '2024-11-29 14:11:06.477', '2024-11-29 14:11:06.477', NULL, 12, 2, '2024-11-29 14:11:06.477'),
(21, '2024-11-29 14:32:40.942', '2024-11-29 14:32:40.942', NULL, 13, 1, '2024-11-29 14:32:40.941'),
(22, '2024-11-29 14:33:18.492', '2024-11-29 14:33:18.492', NULL, 13, 2, '2024-11-29 14:33:18.492'),
(23, '2024-11-29 14:33:27.231', '2024-11-29 14:33:27.231', NULL, 13, 3, '2024-11-29 14:33:27.230'),
(24, '2024-11-29 14:33:31.153', '2024-11-29 14:33:31.153', NULL, 13, 4, '2024-11-29 14:33:31.152'),
(25, '2024-11-29 14:33:37.276', '2024-11-29 14:33:37.276', NULL, 13, 6, '2024-11-29 14:33:37.276');

--
-- Índices para tabelas despejadas
--

--
-- Índices de tabela `discards`
--
ALTER TABLE `discards`
  ADD PRIMARY KEY (`id`),
  ADD KEY `idx_discards_deleted_at` (`deleted_at`);

--
-- Índices de tabela `locations`
--
ALTER TABLE `locations`
  ADD PRIMARY KEY (`id`),
  ADD UNIQUE KEY `idx_city_location` (`city`,`location`) USING HASH,
  ADD KEY `idx_locations_deleted_at` (`deleted_at`);

--
-- Índices de tabela `reward_types`
--
ALTER TABLE `reward_types`
  ADD PRIMARY KEY (`id`),
  ADD KEY `idx_reward_types_deleted_at` (`deleted_at`);

--
-- Índices de tabela `users`
--
ALTER TABLE `users`
  ADD PRIMARY KEY (`id`),
  ADD UNIQUE KEY `uni_users_email` (`email`),
  ADD KEY `idx_users_deleted_at` (`deleted_at`);

--
-- Índices de tabela `user_rewards`
--
ALTER TABLE `user_rewards`
  ADD PRIMARY KEY (`id`),
  ADD KEY `idx_user_rewards_deleted_at` (`deleted_at`),
  ADD KEY `fk_user_rewards_reward` (`reward_id`);

--
-- AUTO_INCREMENT para tabelas despejadas
--

--
-- AUTO_INCREMENT de tabela `discards`
--
ALTER TABLE `discards`
  MODIFY `id` bigint(255) UNSIGNED NOT NULL AUTO_INCREMENT, AUTO_INCREMENT=289;

--
-- AUTO_INCREMENT de tabela `locations`
--
ALTER TABLE `locations`
  MODIFY `id` bigint(20) UNSIGNED NOT NULL AUTO_INCREMENT;

--
-- AUTO_INCREMENT de tabela `reward_types`
--
ALTER TABLE `reward_types`
  MODIFY `id` bigint(20) UNSIGNED NOT NULL AUTO_INCREMENT, AUTO_INCREMENT=7;

--
-- AUTO_INCREMENT de tabela `users`
--
ALTER TABLE `users`
  MODIFY `id` bigint(20) UNSIGNED NOT NULL AUTO_INCREMENT, AUTO_INCREMENT=14;

--
-- AUTO_INCREMENT de tabela `user_rewards`
--
ALTER TABLE `user_rewards`
  MODIFY `id` bigint(20) UNSIGNED NOT NULL AUTO_INCREMENT, AUTO_INCREMENT=26;

--
-- Restrições para tabelas despejadas
--

--
-- Restrições para tabelas `user_rewards`
--
ALTER TABLE `user_rewards`
  ADD CONSTRAINT `fk_user_rewards_reward` FOREIGN KEY (`reward_id`) REFERENCES `reward_types` (`id`);
COMMIT;

/*!40101 SET CHARACTER_SET_CLIENT=@OLD_CHARACTER_SET_CLIENT */;
/*!40101 SET CHARACTER_SET_RESULTS=@OLD_CHARACTER_SET_RESULTS */;
/*!40101 SET COLLATION_CONNECTION=@OLD_COLLATION_CONNECTION */;
